Model,Accuracy,Precision,Recall,F1
EfficientNet,0.2,0.12780141843971632,0.2,0.09079831932773111
Xception,0.32,0.1024,0.32,0.15515151515151515
